lambda1,lambda2,prob,Topt,Gmax,a.par,b.par,sd.par
0.143300942887471,0.382041926917159,0.652504785883854,30.0301347546457,62.498773074999,0.00451128825158039,0.826509636853237,36.3712978680258
